[{"model": "contenttypes.contenttype", "pk": 1, "fields": {"app_label": "admin", "model": "logentry"}}, {"model": "contenttypes.contenttype", "pk": 2, "fields": {"app_label": "auth", "model": "permission"}}, {"model": "contenttypes.contenttype", "pk": 3, "fields": {"app_label": "auth", "model": "group"}}, {"model": "contenttypes.contenttype", "pk": 4, "fields": {"app_label": "contenttypes", "model": "contenttype"}}, {"model": "contenttypes.contenttype", "pk": 5, "fields": {"app_label": "sessions", "model": "session"}}, {"model": "contenttypes.contenttype", "pk": 6, "fields": {"app_label": "medicine", "model": "activeprinciple"}}, {"model": "contenttypes.contenttype", "pk": 7, "fields": {"app_label": "medicine", "model": "customactiveprinciple"}}, {"model": "contenttypes.contenttype", "pk": 8, "fields": {"app_label": "medicine", "model": "manipulatedmedicine"}}, {"model": "contenttypes.contenttype", "pk": 9, "fields": {"app_label": "medicine", "model": "medicine"}}, {"model": "contenttypes.contenttype", "pk": 10, "fields": {"app_label": "user", "model": "user"}}, {"model": "contenttypes.contenttype", "pk": 11, "fields": {"app_label": "user", "model": "associatedhealthprofessionalandpatient"}}, {"model": "contenttypes.contenttype", "pk": 12, "fields": {"app_label": "user", "model": "resetpasswordprofile"}}, {"model": "contenttypes.contenttype", "pk": 13, "fields": {"app_label": "user", "model": "sendinvitationprofile"}}, {"model": "contenttypes.contenttype", "pk": 14, "fields": {"app_label": "user", "model": "useractivateprofile"}}, {"model": "contenttypes.contenttype", "pk": 15, "fields": {"app_label": "user", "model": "healthprofessional"}}, {"model": "contenttypes.contenttype", "pk": 16, "fields": {"app_label": "user", "model": "patient"}}, {"model": "contenttypes.contenttype", "pk": 17, "fields": {"app_label": "exam", "model": "exam"}}, {"model": "contenttypes.contenttype", "pk": 18, "fields": {"app_label": "exam", "model": "newexam"}}, {"model": "contenttypes.contenttype", "pk": 19, "fields": {"app_label": "exam", "model": "customexam"}}, {"model": "contenttypes.contenttype", "pk": 20, "fields": {"app_label": "exam", "model": "defaultexam"}}, {"model": "contenttypes.contenttype", "pk": 21, "fields": {"app_label": "disease", "model": "disease"}}, {"model": "contenttypes.contenttype", "pk": 22, "fields": {"app_label": "prescription", "model": "pattern"}}, {"model": "contenttypes.contenttype", "pk": 23, "fields": {"app_label": "prescription", "model": "prescription"}}, {"model": "contenttypes.contenttype", "pk": 24, "fields": {"app_label": "prescription", "model": "prescriptioncustomexam"}}, {"model": "contenttypes.contenttype", "pk": 25, "fields": {"app_label": "prescription", "model": "prescriptioncustomrecommendation"}}, {"model": "contenttypes.contenttype", "pk": 26, "fields": {"app_label": "prescription", "model": "prescriptiondefaultexam"}}, {"model": "contenttypes.contenttype", "pk": 27, "fields": {"app_label": "prescription", "model": "prescriptionhasmanipulatedmedicine"}}, {"model": "contenttypes.contenttype", "pk": 28, "fields": {"app_label": "prescription", "model": "prescriptionhasmedicine"}}, {"model": "contenttypes.contenttype", "pk": 29, "fields": {"app_label": "prescription", "model": "prescriptionnewexam"}}, {"model": "contenttypes.contenttype", "pk": 30, "fields": {"app_label": "prescription", "model": "prescriptionnewrecommendation"}}, {"model": "contenttypes.contenttype", "pk": 31, "fields": {"app_label": "prescription", "model": "nopatientprescription"}}, {"model": "contenttypes.contenttype", "pk": 32, "fields": {"app_label": "prescription", "model": "patientprescription"}}, {"model": "contenttypes.contenttype", "pk": 33, "fields": {"app_label": "chat", "model": "message"}}, {"model": "contenttypes.contenttype", "pk": 34, "fields": {"app_label": "chat", "model": "response"}}, {"model": "contenttypes.contenttype", "pk": 35, "fields": {"app_label": "recommendation", "model": "customrecommendation"}}, {"model": "contenttypes.contenttype", "pk": 36, "fields": {"app_label": "recommendation", "model": "newrecommendation"}}, {"model": "sessions.session", "pk": "09bl5xyiipp3gccbovoaizlwgcjgtmk4", "fields": {"session_data": "MTg2MDQ2ODE3NjNmNGU4ODM4ZWQ0MzVjYTNiZmYxOWVkM2FjNjM0MTp7Il9hdXRoX3VzZXJfaWQiOiIxIiwiX2F1dGhfdXNlcl9iYWNrZW5kIjoiZGphbmdvLmNvbnRyaWIuYXV0aC5iYWNrZW5kcy5Nb2RlbEJhY2tlbmQiLCJfYXV0aF91c2VyX2hhc2giOiJlZTc1YTI4MzExYWJjNzc5M2JhNGUzYWM0ZjlhZDI2OTk2N2QxN2E3In0=", "expire_date": "2017-12-20T16:07:54.468Z"}}, {"model": "sessions.session", "pk": "dafjnjviy3ixfthzuy7k6gsjod6dmhel", "fields": {"session_data": "OTNhNGQ3OTM5ODYwNTVkODVmMjE3NzlkMDA2ODlmYzgwYzFjZDllZTp7Il9hdXRoX3VzZXJfaWQiOiIyIiwiX2F1dGhfdXNlcl9iYWNrZW5kIjoiZGphbmdvLmNvbnRyaWIuYXV0aC5iYWNrZW5kcy5Nb2RlbEJhY2tlbmQiLCJfYXV0aF91c2VyX2hhc2giOiJlMDZkMjZmZTk5OTQyMDczMmU4YjJkNTdhMjBmMjQ4Y2U1MDYzMmYxIn0=", "expire_date": "2017-12-09T14:46:49.648Z"}}, {"model": "sessions.session", "pk": "ft1wywxhpw8jltzkj79yevdjfgpzas2x", "fields": {"session_data": "MTg2MDQ2ODE3NjNmNGU4ODM4ZWQ0MzVjYTNiZmYxOWVkM2FjNjM0MTp7Il9hdXRoX3VzZXJfaWQiOiIxIiwiX2F1dGhfdXNlcl9iYWNrZW5kIjoiZGphbmdvLmNvbnRyaWIuYXV0aC5iYWNrZW5kcy5Nb2RlbEJhY2tlbmQiLCJfYXV0aF91c2VyX2hhc2giOiJlZTc1YTI4MzExYWJjNzc5M2JhNGUzYWM0ZjlhZDI2OTk2N2QxN2E3In0=", "expire_date": "2017-11-16T17:34:18.166Z"}}, {"model": "sessions.session", "pk": "jri63k1gmepyjb7kvu2u551rusi1h8qe", "fields": {"session_data": "OTNhNGQ3OTM5ODYwNTVkODVmMjE3NzlkMDA2ODlmYzgwYzFjZDllZTp7Il9hdXRoX3VzZXJfaWQiOiIyIiwiX2F1dGhfdXNlcl9iYWNrZW5kIjoiZGphbmdvLmNvbnRyaWIuYXV0aC5iYWNrZW5kcy5Nb2RlbEJhY2tlbmQiLCJfYXV0aF91c2VyX2hhc2giOiJlMDZkMjZmZTk5OTQyMDczMmU4YjJkNTdhMjBmMjQ4Y2U1MDYzMmYxIn0=", "expire_date": "2017-12-20T15:56:09.184Z"}}, {"model": "sessions.session", "pk": "njbe15enw0g476gt9t1re6498sxloq9t", "fields": {"session_data": "OTNhNGQ3OTM5ODYwNTVkODVmMjE3NzlkMDA2ODlmYzgwYzFjZDllZTp7Il9hdXRoX3VzZXJfaWQiOiIyIiwiX2F1dGhfdXNlcl9iYWNrZW5kIjoiZGphbmdvLmNvbnRyaWIuYXV0aC5iYWNrZW5kcy5Nb2RlbEJhY2tlbmQiLCJfYXV0aF91c2VyX2hhc2giOiJlMDZkMjZmZTk5OTQyMDczMmU4YjJkNTdhMjBmMjQ4Y2U1MDYzMmYxIn0=", "expire_date": "2017-12-20T17:31:10.899Z"}}, {"model": "medicine.activeprinciple", "pk": 1, "fields": {"name": "DIPIRONA"}}, {"model": "medicine.activeprinciple", "pk": 2, "fields": {"name": "AZILSARTANA MEDOXOMILA POT\u00c1SSICA"}}, {"model": "medicine.activeprinciple", "pk": 3, "fields": {"name": "ACHILLEA MILLEFOLIUM L"}}, {"model": "medicine.activeprinciple", "pk": 4, "fields": {"name": "ALFA AMILASE"}}, {"model": "medicine.activeprinciple", "pk": 5, "fields": {"name": "ALFAMILASE"}}, {"model": "medicine.activeprinciple", "pk": 6, "fields": {"name": "ALOE FEROX MILL"}}, {"model": "medicine.activeprinciple", "pk": 7, "fields": {"name": "AMIDO DE MILHO"}}, {"model": "medicine.activeprinciple", "pk": 8, "fields": {"name": "AMILASE"}}, {"model": "medicine.activeprinciple", "pk": 9, "fields": {"name": "AMILMETACRESOL"}}, {"model": "medicine.activeprinciple", "pk": 10, "fields": {"name": "AMILORIDA"}}, {"model": "medicine.activeprinciple", "pk": 11, "fields": {"name": "AMILSUPRIDA"}}, {"model": "medicine.activeprinciple", "pk": 12, "fields": {"name": "DIPIRONA"}}, {"model": "medicine.activeprinciple", "pk": 13, "fields": {"name": "DIPIRONA  MAGN\u00c9SICA"}}, {"model": "medicine.activeprinciple", "pk": 14, "fields": {"name": "DIPLOCOCCUS PNEUMONIAE"}}, {"model": "medicine.activeprinciple", "pk": 15, "fields": {"name": "DIPROPIONATO DE BECLOMETASONA"}}, {"model": "medicine.activeprinciple", "pk": 16, "fields": {"name": "DIPROPIONATO DE BETAMETASONA"}}, {"model": "medicine.activeprinciple", "pk": 17, "fields": {"name": "FELODIPINA"}}, {"model": "medicine.activeprinciple", "pk": 18, "fields": {"name": "FELODIPINO"}}, {"model": "medicine.activeprinciple", "pk": 19, "fields": {"name": "ISRADIPINO"}}, {"model": "medicine.activeprinciple", "pk": 20, "fields": {"name": "LACIDIPINO"}}, {"model": "medicine.activeprinciple", "pk": 21, "fields": {"name": "NIFEDIPINA"}}, {"model": "medicine.activeprinciple", "pk": 22, "fields": {"name": "NIFEDIPINO"}}, {"model": "medicine.activeprinciple", "pk": 23, "fields": {"name": "NIMODIPINO"}}, {"model": "medicine.activeprinciple", "pk": 24, "fields": {"name": "NITRENDIPINO"}}, {"model": "medicine.activeprinciple", "pk": 25, "fields": {"name": "BESILATO DE ANLODIPINO"}}, {"model": "medicine.activeprinciple", "pk": 26, "fields": {"name": "BESILATO DE AMLODIPINA"}}, {"model": "medicine.medicine", "pk": 1, "fields": {"name": "CEFALOTINA S\u00d3DICA", "active_ingredient": "CEFALOTINA S\u00d3DICA", "laboratory": "AUROBINDO PHARMA IND\u00daSTRIA FARMAC\u00caUTICA LIMITADA", "description": "1G P\u00d3 P/ SOL INJ CT FA VD INC + DIL AMP PLAS INC X 10 ML", "is_restricted": false}}, {"model": "medicine.medicine", "pk": 2, "fields": {"name": "CEFTAZIDIMA", "active_ingredient": "CEFTAZIDIMA", "laboratory": "AUROBINDO PHARMA IND\u00daSTRIA FARMAC\u00caUTICA LIMITADA", "description": "1 G P\u00d3 P/SOL INJ CT 25 FA VD INC + 25 DIL AMP VD INC X 10 ML", "is_restricted": false}}, {"model": "medicine.medicine", "pk": 3, "fields": {"name": "CEFUROXIMA S\u00d3DICA", "active_ingredient": "CEFUROXIMA S\u00d3DICA", "laboratory": "AUROBINDO PHARMA IND\u00daSTRIA FARMAC\u00caUTICA LIMITADA", "description": "750 MG P\u00d3 SOL INJ CT 25 FA VD INC", "is_restricted": false}}, {"model": "medicine.medicine", "pk": 4, "fields": {"name": "AXETILCEFUROXIMA", "active_ingredient": "AXETILCEFUROXIMA", "laboratory": "AUROBINDO PHARMA IND\u00daSTRIA FARMAC\u00caUTICA LIMITADA", "description": "500 MG COM CT BL AL/AL X 200 (EMB HOSP)", "is_restricted": false}}, {"model": "medicine.medicine", "pk": 5, "fields": {"name": "CLORIDRATO DE SERTRALINA", "active_ingredient": "CLORIDRATO DE SERTRALINA", "laboratory": "AUROBINDO PHARMA IND\u00daSTRIA FARMAC\u00caUTICA LIMITADA", "description": "50 MG COM REV CT BL AL PLAS INC X 140 (EMB HOSP)", "is_restricted": false}}, {"model": "medicine.medicine", "pk": 6, "fields": {"name": "AMOXICILINA TRIIDRATADA", "active_ingredient": "AMOXICILINA TRIIDRATADA", "laboratory": "AUROBINDO PHARMA IND\u00daSTRIA FARMAC\u00caUTICA LIMITADA", "description": "500 MG CAP GEL DURA CT BL AL PLAS INC X 140 (EMB HOSP)", "is_restricted": false}}, {"model": "medicine.medicine", "pk": 7, "fields": {"name": "CLORIDRATO DE METFORMINA", "active_ingredient": "CLORIDRATO DE METFORMINA", "laboratory": "AUROBINDO PHARMA IND\u00daSTRIA FARMAC\u00caUTICA LIMITADA", "description": "850 MG COM REV CT BL AL PLAS INC X 500 (EMB HOSP)", "is_restricted": false}}, {"model": "medicine.medicine", "pk": 8, "fields": {"name": "DIPIRONA COMPOSTA", "active_ingredient": "DIFENIDRAMINA; DROPROPIZINA; PARACETAMOL; PSEUDOEFEDRINA", "laboratory": "AUROBINDO PHARMA IND\u00daSTRIA FARMAC\u00caUTICA LIMITADA", "description": "3 MG + 50 MG + 3 MG + 3 MG PAS CT STR X 12 (SABOR MENTA)", "is_restricted": false}}, {"model": "exam.exam", "pk": 1, "fields": {"is_active": true, "description": "Em consult\u00f3rio (no hor\u00e1rio normal ou preestabelecido)"}}, {"model": "exam.exam", "pk": 2, "fields": {"is_active": true, "description": "Visita hospitalar (paciente internado)"}}, {"model": "exam.exam", "pk": 3, "fields": {"is_active": true, "description": "Atendimento ao rec\u00e9m-nascido em ber\u00e7\u00e1rio"}}, {"model": "exam.exam", "pk": 4, "fields": {"is_active": true, "description": "Atendimento ao rec\u00e9m-nascido em sala de parto (parto normal ou operat\u00f3rio de baixo risco)"}}, {"model": "exam.exam", "pk": 5, "fields": {"is_active": true, "description": "Atendimento m\u00e9dico do intensivista em UTI geral ou pedi\u00e1trica (plant\u00e3o de 12 horas - por paciente)"}}, {"model": "exam.exam", "pk": 6, "fields": {"is_active": true, "description": "Atendimento do intensivista diarista (por dia e por paciente)"}}, {"model": "exam.exam", "pk": 7, "fields": {"is_active": true, "description": "Pun\u00e7\u00e3o bi\u00f3psia renal percut\u00e2nea"}}, {"model": "exam.exam", "pk": 8, "fields": {"is_active": true, "description": "Di\u00e1lise peritoneal intermitente - agudo ou cr\u00f4nico (por sess\u00e3o)"}}, {"model": "exam.exam", "pk": 9, "fields": {"is_active": true, "description": "Hemodi\u00e1lise cr\u00f4nica (por sess\u00e3o)"}}, {"model": "exam.exam", "pk": 10, "fields": {"is_active": true, "description": "Di\u00e1lise peritoneal ambulatorial cont\u00ednua (CAPD) 9 dias - treinamento"}}, {"model": "exam.exam", "pk": 11, "fields": {"is_active": true, "description": "Realizado em laborat\u00f3rio com o paciente em jejum."}}, {"model": "exam.exam", "pk": 12, "fields": {"is_active": true, "description": "Realizado em laborat\u00f3rio com o paciente em jejum."}}, {"model": "exam.exam", "pk": 13, "fields": {"is_active": true, "description": "Colher a urina no dia anterior ao teste"}}, {"model": "exam.exam", "pk": 14, "fields": {"is_active": true, "description": "Necess\u00e1rio que o paciente colete as fezes no dia anterior a consulta"}}, {"model": "exam.exam", "pk": 15, "fields": {"is_active": true, "description": "Realizar de todas as faces do p\u00e9."}}, {"model": "exam.defaultexam", "pk": 1, "fields": {"id_tuss": "10101012"}}, {"model": "exam.defaultexam", "pk": 2, "fields": {"id_tuss": "10102019"}}, {"model": "exam.defaultexam", "pk": 3, "fields": {"id_tuss": "10103015"}}, {"model": "exam.defaultexam", "pk": 4, "fields": {"id_tuss": "10103023"}}, {"model": "exam.defaultexam", "pk": 5, "fields": {"id_tuss": "10104020"}}, {"model": "exam.defaultexam", "pk": 6, "fields": {"id_tuss": "10104011"}}, {"model": "exam.defaultexam", "pk": 7, "fields": {"id_tuss": "31101402"}}, {"model": "exam.defaultexam", "pk": 8, "fields": {"id_tuss": "31008011"}}, {"model": "exam.defaultexam", "pk": 9, "fields": {"id_tuss": "30909031"}}, {"model": "exam.defaultexam", "pk": 10, "fields": {"id_tuss": "31008020"}}, {"model": "disease.disease", "pk": 1, "fields": {"id_cid_10": "A00", "description": "A00   Colera"}}, {"model": "disease.disease", "pk": 2, "fields": {"id_cid_10": "A01", "description": "A01   Febres tifoide e paratifoide"}}, {"model": "disease.disease", "pk": 3, "fields": {"id_cid_10": "A02", "description": "A02   Outr infecc p/Salmonella"}}, {"model": "disease.disease", "pk": 4, "fields": {"id_cid_10": "A03", "description": "A03   Shiguelose"}}, {"model": "disease.disease", "pk": 5, "fields": {"id_cid_10": "A04", "description": "A04   Outr infecc intestinais bacter"}}, {"model": "disease.disease", "pk": 6, "fields": {"id_cid_10": "A05", "description": "A05   Outr intox alimentares bacter NCOP"}}, {"model": "disease.disease", "pk": 7, "fields": {"id_cid_10": "B22", "description": "B22   Doenc p/HIV result em outr doenc espec"}}, {"model": "disease.disease", "pk": 8, "fields": {"id_cid_10": "B23", "description": "B23   Doenc p/HIV result em outr doenc"}}, {"model": "disease.disease", "pk": 9, "fields": {"id_cid_10": "B24", "description": "B24   Doenc p/HIV NE"}}, {"model": "disease.disease", "pk": 10, "fields": {"id_cid_10": "B25", "description": "B25   Doenc p/citomegalovirus"}}, {"model": "disease.disease", "pk": 11, "fields": {"id_cid_10": "B26", "description": "B26   Caxumba"}}, {"model": "disease.disease", "pk": 12, "fields": {"id_cid_10": "C97", "description": "C97   Neopl malig de localiz mult independentes"}}, {"model": "disease.disease", "pk": 13, "fields": {"id_cid_10": "D00", "description": "D00   Carcinoma in situ cav oral esofago estomago"}}, {"model": "disease.disease", "pk": 14, "fields": {"id_cid_10": "D01", "description": "D01   Carcinoma in situ de outr orgaos digestivos"}}, {"model": "disease.disease", "pk": 15, "fields": {"id_cid_10": "D02", "description": "D02   Carcinoma in situ ouvido medio e ap respirat"}}, {"model": "disease.disease", "pk": 16, "fields": {"id_cid_10": "D03", "description": "D03   Melanoma in situ"}}, {"model": "disease.disease", "pk": 17, "fields": {"id_cid_10": "E63", "description": "E63   Outr defic nutricionais"}}, {"model": "disease.disease", "pk": 18, "fields": {"id_cid_10": "E64", "description": "E64   Sequelas desnutric e outr defic nutricionais"}}, {"model": "disease.disease", "pk": 19, "fields": {"id_cid_10": "E65", "description": "E65   Adiposidade localizada"}}, {"model": "disease.disease", "pk": 20, "fields": {"id_cid_10": "E66", "description": "E66   Obesidade"}}, {"model": "disease.disease", "pk": 21, "fields": {"id_cid_10": "E90", "description": "E90   Transt nutricionais e metab em doenc COP"}}, {"model": "disease.disease", "pk": 22, "fields": {"id_cid_10": "F00", "description": "F00   Demencia na doenc de Alzheimer"}}, {"model": "disease.disease", "pk": 23, "fields": {"id_cid_10": "F01", "description": "F01   Demencia vascular"}}, {"model": "disease.disease", "pk": 24, "fields": {"id_cid_10": "F02", "description": "F02   Demencia em outr doenc COP"}}, {"model": "disease.disease", "pk": 25, "fields": {"id_cid_10": "F03", "description": "F03   Demencia NE"}}, {"model": "disease.disease", "pk": 26, "fields": {"id_cid_10": "I22", "description": "I22   Infarto do miocardio recorrente"}}, {"model": "disease.disease", "pk": 27, "fields": {"id_cid_10": "I23", "description": "I23   Alg complic atuais subs infarto agud miocard"}}, {"model": "disease.disease", "pk": 28, "fields": {"id_cid_10": "I24", "description": "I24   Outr doenc isquemicas agudas do coracao"}}, {"model": "disease.disease", "pk": 29, "fields": {"id_cid_10": "I25", "description": "I25   Doenc isquemica cronica do coracao"}}, {"model": "disease.disease", "pk": 30, "fields": {"id_cid_10": "I26", "description": "I26   Embolia pulmonar"}}, {"model": "prescription.prescriptionhasmanipulatedmedicine", "pk": 1, "fields": {"posology": "Tomar 2 vezes ao dia", "quantity": 0, "via": "Via Intravenosa", "prescription_medicine": 1, "manipulated_medicine": 1}}, {"model": "prescription.prescriptionhasmanipulatedmedicine", "pk": 2, "fields": {"posology": "Tomar 2 vezes ao dia", "quantity": 0, "via": "Via Intravenosa", "prescription_medicine": 2, "manipulated_medicine": 1}}, {"model": "prescription.prescriptionhasmanipulatedmedicine", "pk": 3, "fields": {"posology": "Tomar 2 vezes ao dia", "quantity": 6, "via": "Via Intravenosa", "prescription_medicine": 6, "manipulated_medicine": 1}}, {"model": "prescription.prescriptionhasmanipulatedmedicine", "pk": 4, "fields": {"posology": "Tomar 2 vezes ao dia", "quantity": 8, "via": "Via Intravenosa", "prescription_medicine": 8, "manipulated_medicine": 2}}, {"model": "prescription.prescriptionhasmanipulatedmedicine", "pk": 5, "fields": {"posology": "Tomar 2 vezes ao dia", "quantity": 17, "via": "Via Intravenosa", "prescription_medicine": 10, "manipulated_medicine": 1}}, {"model": "prescription.prescriptionhasmedicine", "pk": 1, "fields": {"posology": "Tomar em jejum", "quantity": 9, "via": "Via Intravenosa", "prescription_medicine": 2, "medicine": 6}}, {"model": "prescription.prescriptionhasmedicine", "pk": 2, "fields": {"posology": "Tomar 2 vezes ao dia", "quantity": 20, "via": "Via Intravenosa", "prescription_medicine": 3, "medicine": 7}}, {"model": "prescription.prescriptionhasmedicine", "pk": 3, "fields": {"posology": "Tomar na hora do almo\u00e7o", "quantity": 10, "via": "Via Intravenosa", "prescription_medicine": 4, "medicine": 1}}, {"model": "prescription.prescriptionhasmedicine", "pk": 4, "fields": {"posology": "Beber com \u00e1gua", "quantity": 6, "via": "Via Intravenosa", "prescription_medicine": 4, "medicine": 8}}, {"model": "prescription.prescriptionhasmedicine", "pk": 5, "fields": {"posology": "N\u00e3o tomar com est\u00f4mago vazio", "quantity": 3, "via": "Via Intravenosa", "prescription_medicine": 4, "medicine": 6}}, {"model": "prescription.prescriptionhasmedicine", "pk": 6, "fields": {"posology": "Tomar en jejum", "quantity": 5, "via": "Via Intravenosa", "prescription_medicine": 7, "medicine": 6}}, {"model": "prescription.prescriptionhasmedicine", "pk": 7, "fields": {"posology": "Tomar em jejum", "quantity": 10, "via": "Via Intravenosa", "prescription_medicine": 8, "medicine": 5}}, {"model": "prescription.prescriptionhasmedicine", "pk": 8, "fields": {"posology": "Tomar de 8 em 8 horas", "quantity": 2, "via": "Via Intravenosa", "prescription_medicine": 9, "medicine": 5}}, {"model": "prescription.prescriptionhasmedicine", "pk": 9, "fields": {"posology": "Tomar de 2 em 2 horas", "quantity": 8, "via": "Via Intravenosa", "prescription_medicine": 9, "medicine": 7}}, {"model": "prescription.prescriptiondefaultexam", "pk": 1, "fields": {"prescription": 1, "exam": 9}}, {"model": "prescription.prescriptiondefaultexam", "pk": 2, "fields": {"prescription": 2, "exam": 9}}, {"model": "prescription.prescriptiondefaultexam", "pk": 3, "fields": {"prescription": 2, "exam": 8}}, {"model": "prescription.prescriptiondefaultexam", "pk": 4, "fields": {"prescription": 5, "exam": 9}}, {"model": "prescription.prescriptiondefaultexam", "pk": 5, "fields": {"prescription": 7, "exam": 10}}, {"model": "prescription.prescriptiondefaultexam", "pk": 6, "fields": {"prescription": 8, "exam": 5}}, {"model": "prescription.prescriptiondefaultexam", "pk": 7, "fields": {"prescription": 8, "exam": 10}}, {"model": "prescription.prescriptiondefaultexam", "pk": 8, "fields": {"prescription": 10, "exam": 9}}, {"model": "prescription.prescriptiondefaultexam", "pk": 9, "fields": {"prescription": 10, "exam": 10}}, {"model": "prescription.prescriptioncustomexam", "pk": 1, "fields": {"prescription": 1, "exam": 11}}, {"model": "prescription.prescriptioncustomexam", "pk": 2, "fields": {"prescription": 7, "exam": 14}}, {"model": "prescription.prescriptionnewrecommendation", "pk": 1, "fields": {"prescription": 2, "recommendation": 1}}, {"model": "prescription.prescriptionnewrecommendation", "pk": 2, "fields": {"prescription": 3, "recommendation": 2}}, {"model": "prescription.prescriptionnewrecommendation", "pk": 3, "fields": {"prescription": 6, "recommendation": 3}}, {"model": "prescription.prescriptionnewrecommendation", "pk": 4, "fields": {"prescription": 10, "recommendation": 4}}, {"model": "recommendation.newrecommendation", "pk": 1, "fields": {"recommendation_description": "Fazer caminhada todos os dias"}}, {"model": "recommendation.newrecommendation", "pk": 2, "fields": {"recommendation_description": "N\u00e3o comer alimentos gordurosos"}}, {"model": "recommendation.newrecommendation", "pk": 3, "fields": {"recommendation_description": "Tomar ch\u00e1 de gengibre"}}, {"model": "recommendation.newrecommendation", "pk": 4, "fields": {"recommendation_description": "Realizar yoga para relaxar o corpo e a mente"}}, {"model": "auth.permission", "pk": 1, "fields": {"name": "Can add log entry", "content_type": 1, "codename": "add_logentry"}}, {"model": "auth.permission", "pk": 2, "fields": {"name": "Can change log entry", "content_type": 1, "codename": "change_logentry"}}, {"model": "auth.permission", "pk": 3, "fields": {"name": "Can delete log entry", "content_type": 1, "codename": "delete_logentry"}}, {"model": "auth.permission", "pk": 4, "fields": {"name": "Can add permission", "content_type": 2, "codename": "add_permission"}}, {"model": "auth.permission", "pk": 5, "fields": {"name": "Can change permission", "content_type": 2, "codename": "change_permission"}}, {"model": "auth.permission", "pk": 6, "fields": {"name": "Can delete permission", "content_type": 2, "codename": "delete_permission"}}, {"model": "auth.permission", "pk": 7, "fields": {"name": "Can add group", "content_type": 3, "codename": "add_group"}}, {"model": "auth.permission", "pk": 8, "fields": {"name": "Can change group", "content_type": 3, "codename": "change_group"}}, {"model": "auth.permission", "pk": 9, "fields": {"name": "Can delete group", "content_type": 3, "codename": "delete_group"}}, {"model": "auth.permission", "pk": 10, "fields": {"name": "Can add content type", "content_type": 4, "codename": "add_contenttype"}}, {"model": "auth.permission", "pk": 11, "fields": {"name": "Can change content type", "content_type": 4, "codename": "change_contenttype"}}, {"model": "auth.permission", "pk": 12, "fields": {"name": "Can delete content type", "content_type": 4, "codename": "delete_contenttype"}}, {"model": "auth.permission", "pk": 13, "fields": {"name": "Can add session", "content_type": 5, "codename": "add_session"}}, {"model": "auth.permission", "pk": 14, "fields": {"name": "Can change session", "content_type": 5, "codename": "change_session"}}, {"model": "auth.permission", "pk": 15, "fields": {"name": "Can delete session", "content_type": 5, "codename": "delete_session"}}, {"model": "auth.permission", "pk": 16, "fields": {"name": "Can add active principle", "content_type": 6, "codename": "add_activeprinciple"}}, {"model": "auth.permission", "pk": 17, "fields": {"name": "Can change active principle", "content_type": 6, "codename": "change_activeprinciple"}}, {"model": "auth.permission", "pk": 18, "fields": {"name": "Can delete active principle", "content_type": 6, "codename": "delete_activeprinciple"}}, {"model": "auth.permission", "pk": 19, "fields": {"name": "Can add manipulated medicine", "content_type": 7, "codename": "add_manipulatedmedicine"}}, {"model": "auth.permission", "pk": 20, "fields": {"name": "Can change manipulated medicine", "content_type": 7, "codename": "change_manipulatedmedicine"}}, {"model": "auth.permission", "pk": 21, "fields": {"name": "Can delete manipulated medicine", "content_type": 7, "codename": "delete_manipulatedmedicine"}}, {"model": "auth.permission", "pk": 22, "fields": {"name": "Can add medicine", "content_type": 8, "codename": "add_medicine"}}, {"model": "auth.permission", "pk": 23, "fields": {"name": "Can change medicine", "content_type": 8, "codename": "change_medicine"}}, {"model": "auth.permission", "pk": 24, "fields": {"name": "Can delete medicine", "content_type": 8, "codename": "delete_medicine"}}, {"model": "auth.permission", "pk": 25, "fields": {"name": "Can add custom active principle", "content_type": 9, "codename": "add_customactiveprinciple"}}, {"model": "auth.permission", "pk": 26, "fields": {"name": "Can change custom active principle", "content_type": 9, "codename": "change_customactiveprinciple"}}, {"model": "auth.permission", "pk": 27, "fields": {"name": "Can delete custom active principle", "content_type": 9, "codename": "delete_customactiveprinciple"}}, {"model": "auth.permission", "pk": 28, "fields": {"name": "Can add user", "content_type": 10, "codename": "add_user"}}, {"model": "auth.permission", "pk": 29, "fields": {"name": "Can change user", "content_type": 10, "codename": "change_user"}}, {"model": "auth.permission", "pk": 30, "fields": {"name": "Can delete user", "content_type": 10, "codename": "delete_user"}}, {"model": "auth.permission", "pk": 31, "fields": {"name": "Can add reset password profile", "content_type": 11, "codename": "add_resetpasswordprofile"}}, {"model": "auth.permission", "pk": 32, "fields": {"name": "Can change reset password profile", "content_type": 11, "codename": "change_resetpasswordprofile"}}, {"model": "auth.permission", "pk": 33, "fields": {"name": "Can delete reset password profile", "content_type": 11, "codename": "delete_resetpasswordprofile"}}, {"model": "auth.permission", "pk": 34, "fields": {"name": "Can add user activate profile", "content_type": 12, "codename": "add_useractivateprofile"}}, {"model": "auth.permission", "pk": 35, "fields": {"name": "Can change user activate profile", "content_type": 12, "codename": "change_useractivateprofile"}}, {"model": "auth.permission", "pk": 36, "fields": {"name": "Can delete user activate profile", "content_type": 12, "codename": "delete_useractivateprofile"}}, {"model": "auth.permission", "pk": 37, "fields": {"name": "Can add health_professional", "content_type": 13, "codename": "add_healthprofessional"}}, {"model": "auth.permission", "pk": 38, "fields": {"name": "Can change health_professional", "content_type": 13, "codename": "change_healthprofessional"}}, {"model": "auth.permission", "pk": 39, "fields": {"name": "Can delete health_professional", "content_type": 13, "codename": "delete_healthprofessional"}}, {"model": "auth.permission", "pk": 40, "fields": {"name": "Can add patient", "content_type": 14, "codename": "add_patient"}}, {"model": "auth.permission", "pk": 41, "fields": {"name": "Can change patient", "content_type": 14, "codename": "change_patient"}}, {"model": "auth.permission", "pk": 42, "fields": {"name": "Can delete patient", "content_type": 14, "codename": "delete_patient"}}, {"model": "auth.permission", "pk": 43, "fields": {"name": "Can add exam", "content_type": 15, "codename": "add_exam"}}, {"model": "auth.permission", "pk": 44, "fields": {"name": "Can change exam", "content_type": 15, "codename": "change_exam"}}, {"model": "auth.permission", "pk": 45, "fields": {"name": "Can delete exam", "content_type": 15, "codename": "delete_exam"}}, {"model": "auth.permission", "pk": 46, "fields": {"name": "Can add custom exam", "content_type": 16, "codename": "add_customexam"}}, {"model": "auth.permission", "pk": 47, "fields": {"name": "Can change custom exam", "content_type": 16, "codename": "change_customexam"}}, {"model": "auth.permission", "pk": 48, "fields": {"name": "Can delete custom exam", "content_type": 16, "codename": "delete_customexam"}}, {"model": "auth.permission", "pk": 49, "fields": {"name": "Can add default exam", "content_type": 17, "codename": "add_defaultexam"}}, {"model": "auth.permission", "pk": 50, "fields": {"name": "Can change default exam", "content_type": 17, "codename": "change_defaultexam"}}, {"model": "auth.permission", "pk": 51, "fields": {"name": "Can delete default exam", "content_type": 17, "codename": "delete_defaultexam"}}, {"model": "auth.permission", "pk": 52, "fields": {"name": "Can add disease", "content_type": 18, "codename": "add_disease"}}, {"model": "auth.permission", "pk": 53, "fields": {"name": "Can change disease", "content_type": 18, "codename": "change_disease"}}, {"model": "auth.permission", "pk": 54, "fields": {"name": "Can delete disease", "content_type": 18, "codename": "delete_disease"}}, {"model": "auth.permission", "pk": 55, "fields": {"name": "Can add prescription", "content_type": 19, "codename": "add_prescription"}}, {"model": "auth.permission", "pk": 56, "fields": {"name": "Can change prescription", "content_type": 19, "codename": "change_prescription"}}, {"model": "auth.permission", "pk": 57, "fields": {"name": "Can delete prescription", "content_type": 19, "codename": "delete_prescription"}}, {"model": "auth.permission", "pk": 58, "fields": {"name": "Can add prescription exam", "content_type": 20, "codename": "add_prescriptionexam"}}, {"model": "auth.permission", "pk": 59, "fields": {"name": "Can change prescription exam", "content_type": 20, "codename": "change_prescriptionexam"}}, {"model": "auth.permission", "pk": 60, "fields": {"name": "Can delete prescription exam", "content_type": 20, "codename": "delete_prescriptionexam"}}, {"model": "auth.permission", "pk": 61, "fields": {"name": "Can add prescription has manipulated medicine", "content_type": 21, "codename": "add_prescriptionhasmanipulatedmedicine"}}, {"model": "auth.permission", "pk": 62, "fields": {"name": "Can change prescription has manipulated medicine", "content_type": 21, "codename": "change_prescriptionhasmanipulatedmedicine"}}, {"model": "auth.permission", "pk": 63, "fields": {"name": "Can delete prescription has manipulated medicine", "content_type": 21, "codename": "delete_prescriptionhasmanipulatedmedicine"}}, {"model": "auth.permission", "pk": 64, "fields": {"name": "Can add prescription has medicine", "content_type": 22, "codename": "add_prescriptionhasmedicine"}}, {"model": "auth.permission", "pk": 65, "fields": {"name": "Can change prescription has medicine", "content_type": 22, "codename": "change_prescriptionhasmedicine"}}, {"model": "auth.permission", "pk": 66, "fields": {"name": "Can delete prescription has medicine", "content_type": 22, "codename": "delete_prescriptionhasmedicine"}}, {"model": "auth.permission", "pk": 67, "fields": {"name": "Can add prescription recommendation", "content_type": 23, "codename": "add_prescriptionrecommendation"}}, {"model": "auth.permission", "pk": 68, "fields": {"name": "Can change prescription recommendation", "content_type": 23, "codename": "change_prescriptionrecommendation"}}, {"model": "auth.permission", "pk": 69, "fields": {"name": "Can delete prescription recommendation", "content_type": 23, "codename": "delete_prescriptionrecommendation"}}, {"model": "auth.permission", "pk": 70, "fields": {"name": "Can add prescription medicine", "content_type": 24, "codename": "add_prescriptionmedicine"}}, {"model": "auth.permission", "pk": 71, "fields": {"name": "Can change prescription medicine", "content_type": 24, "codename": "change_prescriptionmedicine"}}, {"model": "auth.permission", "pk": 72, "fields": {"name": "Can delete prescription medicine", "content_type": 24, "codename": "delete_prescriptionmedicine"}}, {"model": "auth.permission", "pk": 73, "fields": {"name": "Can add message", "content_type": 25, "codename": "add_message"}}, {"model": "auth.permission", "pk": 74, "fields": {"name": "Can change message", "content_type": 25, "codename": "change_message"}}, {"model": "auth.permission", "pk": 75, "fields": {"name": "Can delete message", "content_type": 25, "codename": "delete_message"}}, {"model": "auth.permission", "pk": 76, "fields": {"name": "Can add response", "content_type": 26, "codename": "add_response"}}, {"model": "auth.permission", "pk": 77, "fields": {"name": "Can change response", "content_type": 26, "codename": "change_response"}}, {"model": "auth.permission", "pk": 78, "fields": {"name": "Can delete response", "content_type": 26, "codename": "delete_response"}}, {"model": "auth.permission", "pk": 79, "fields": {"name": "Can add prescription recommendation", "content_type": 27, "codename": "add_prescriptionrecommendation"}}, {"model": "auth.permission", "pk": 80, "fields": {"name": "Can change prescription recommendation", "content_type": 27, "codename": "change_prescriptionrecommendation"}}, {"model": "auth.permission", "pk": 81, "fields": {"name": "Can delete prescription recommendation", "content_type": 27, "codename": "delete_prescriptionrecommendation"}}, {"model": "auth.permission", "pk": 82, "fields": {"name": "Can add recommendation", "content_type": 28, "codename": "add_recommendation"}}, {"model": "auth.permission", "pk": 83, "fields": {"name": "Can change recommendation", "content_type": 28, "codename": "change_recommendation"}}, {"model": "auth.permission", "pk": 84, "fields": {"name": "Can delete recommendation", "content_type": 28, "codename": "delete_recommendation"}}, {"model": "auth.permission", "pk": 85, "fields": {"name": "Can add no patient prescription", "content_type": 29, "codename": "add_nopatientprescription"}}, {"model": "auth.permission", "pk": 86, "fields": {"name": "Can change no patient prescription", "content_type": 29, "codename": "change_nopatientprescription"}}, {"model": "auth.permission", "pk": 87, "fields": {"name": "Can delete no patient prescription", "content_type": 29, "codename": "delete_nopatientprescription"}}, {"model": "auth.permission", "pk": 88, "fields": {"name": "Can add patient prescription", "content_type": 30, "codename": "add_patientprescription"}}, {"model": "auth.permission", "pk": 89, "fields": {"name": "Can change patient prescription", "content_type": 30, "codename": "change_patientprescription"}}, {"model": "auth.permission", "pk": 90, "fields": {"name": "Can delete patient prescription", "content_type": 30, "codename": "delete_patientprescription"}}, {"model": "auth.permission", "pk": 91, "fields": {"name": "Can add message", "content_type": 31, "codename": "add_message"}}, {"model": "auth.permission", "pk": 92, "fields": {"name": "Can change message", "content_type": 31, "codename": "change_message"}}, {"model": "auth.permission", "pk": 93, "fields": {"name": "Can delete message", "content_type": 31, "codename": "delete_message"}}, {"model": "auth.permission", "pk": 94, "fields": {"name": "Can add response", "content_type": 32, "codename": "add_response"}}, {"model": "auth.permission", "pk": 95, "fields": {"name": "Can change response", "content_type": 32, "codename": "change_response"}}, {"model": "auth.permission", "pk": 96, "fields": {"name": "Can delete response", "content_type": 32, "codename": "delete_response"}}, {"model": "auth.permission", "pk": 97, "fields": {"name": "Can add custom recommendation", "content_type": 33, "codename": "add_customrecommendation"}}, {"model": "auth.permission", "pk": 98, "fields": {"name": "Can change custom recommendation", "content_type": 33, "codename": "change_customrecommendation"}}, {"model": "auth.permission", "pk": 99, "fields": {"name": "Can delete custom recommendation", "content_type": 33, "codename": "delete_customrecommendation"}}, {"model": "auth.permission", "pk": 100, "fields": {"name": "Can add response", "content_type": 34, "codename": "add_response"}}, {"model": "auth.permission", "pk": 101, "fields": {"name": "Can change response", "content_type": 34, "codename": "change_response"}}, {"model": "auth.permission", "pk": 102, "fields": {"name": "Can delete response", "content_type": 34, "codename": "delete_response"}}, {"model": "auth.permission", "pk": 103, "fields": {"name": "Can add custom recommendation", "content_type": 35, "codename": "add_customrecommendation"}}, {"model": "auth.permission", "pk": 104, "fields": {"name": "Can change custom recommendation", "content_type": 35, "codename": "change_customrecommendation"}}, {"model": "auth.permission", "pk": 105, "fields": {"name": "Can delete custom recommendation", "content_type": 35, "codename": "delete_customrecommendation"}}, {"model": "auth.permission", "pk": 106, "fields": {"name": "Can add new recommendation", "content_type": 36, "codename": "add_newrecommendation"}}, {"model": "auth.permission", "pk": 107, "fields": {"name": "Can change new recommendation", "content_type": 36, "codename": "change_newrecommendation"}}, {"model": "auth.permission", "pk": 108, "fields": {"name": "Can delete new recommendation", "content_type": 36, "codename": "delete_newrecommendation"}}, {"model": "user.user", "pk": 1, "fields": {"password": "pbkdf2_sha256$36000$0maNxXr8c9Ai$f0uPs7LO3ed2HIwMJ8bVTELaHTe1bLhGiPwO9b4NCRE=", "last_login": "2017-12-06T16:07:54.458Z", "is_superuser": true, "name": "", "date_of_birth": "2017-11-02", "phone": "00000000000", "email": "admin@admin.com", "sex": "M", "image_profile": "image_profile/user.png", "is_active": true, "is_staff": true, "groups": [], "user_permissions": []}}, {"model": "user.user", "pk": 2, "fields": {"password": "pbkdf2_sha256$36000$4sRTGSoKtiDw$A6+RN+SRGNzojV2zvRvSY8tu2W4wj7eu0YZMD82ivwg=", "last_login": "2017-12-06T17:31:10.872Z", "is_superuser": false, "name": "Get\u00falio Morato Cliente", "date_of_birth": "1980-12-01", "phone": "6199999999", "email": "med@med.com", "sex": "M", "image_profile": "image_profile/user.png", "is_active": true, "is_staff": false, "groups": [], "user_permissions": []}}, {"model": "user.user", "pk": 3, "fields": {"password": "pbkdf2_sha256$36000$VEMPDCKR47u2$9UvdLYtC9V8DgU861V8TkbYynnGdw+zocB5HUx6nNeo=", "last_login": "2017-12-06T17:28:05.240Z", "is_superuser": false, "name": "Joao da Silva", "date_of_birth": "1195-11-15", "phone": "6199999999", "email": "pac@pac.com", "sex": "M", "image_profile": "image_profile/user.png", "is_active": true, "is_staff": false, "groups": [], "user_permissions": []}}, {"model": "user.healthprofessional", "pk": 2, "fields": {"crm": "11111", "crm_state": "AC", "specialty_first": "", "specialty_second": "Nao Possui", "groups": [], "user_permissions": []}}, {"model": "user.patient", "pk": 3, "fields": {"CPF_document": "05222262138", "CEP": 70330525, "UF": "DF", "city": "Bras\u00edlia", "neighborhood": "Asa Sul", "complement": "CLS 102 Bloco B", "groups": [], "user_permissions": []}}, {"model": "user.useractivateprofile", "pk": 1, "fields": {"user": 2, "activation_key": "43bad74ad7241121cd2722a72a775ccd0339c88c", "key_expires": "2017-11-04T17:43:16.049Z"}}, {"model": "user.useractivateprofile", "pk": 2, "fields": {"user": 3, "activation_key": "20e2c0f777cb2d6c469d032b3a16e9c6c2023117", "key_expires": "2017-11-04T18:13:31.367Z"}}, {"model": "user.associatedhealthprofessionalandpatient", "pk": 2, "fields": {"associated_patient": 3, "associated_health_professional": 2, "is_active": true}}, {"model": "exam.customexam", "pk": 11, "fields": {"name": "Acetaminofen", "health_professional_FK": 2}}, {"model": "exam.customexam", "pk": 12, "fields": {"name": "Cloreto de s\u00f3dio no suor", "health_professional_FK": 2}}, {"model": "exam.customexam", "pk": 13, "fields": {"name": "Clearance de Ur\u00e9ia", "health_professional_FK": 2}}, {"model": "exam.customexam", "pk": 14, "fields": {"name": "Sangue oculto nas fezes", "health_professional_FK": 2}}, {"model": "exam.customexam", "pk": 15, "fields": {"name": "Radiografia do P\u00e9", "health_professional_FK": 2}}, {"model": "prescription.prescription", "pk": 1, "fields": {"cid": 28, "health_professional": 2, "date": "2017-12-01T00:56:26.423Z", "is_favorite": false}}, {"model": "prescription.prescription", "pk": 2, "fields": {"cid": 23, "health_professional": 2, "date": "2017-12-06T01:02:19.708Z", "is_favorite": false}}, {"model": "prescription.prescription", "pk": 3, "fields": {"cid": 20, "health_professional": 2, "date": "2017-12-06T01:33:17.450Z", "is_favorite": false}}, {"model": "prescription.prescription", "pk": 4, "fields": {"cid": 20, "health_professional": 2, "date": "2017-12-02T01:37:13.504Z", "is_favorite": true}}, {"model": "prescription.prescription", "pk": 5, "fields": {"cid": 18, "health_professional": 2, "date": "2017-12-03T01:39:21.184Z", "is_favorite": false}}, {"model": "prescription.prescription", "pk": 6, "fields": {"cid": 2, "health_professional": 2, "date": "2017-12-06T15:57:34.614Z", "is_favorite": false}}, {"model": "prescription.prescription", "pk": 7, "fields": {"cid": 5, "health_professional": 2, "date": "2017-12-04T15:58:46.187Z", "is_favorite": true}}, {"model": "prescription.prescription", "pk": 8, "fields": {"cid": 1, "health_professional": 2, "date": "2017-12-03T16:00:51.591Z", "is_favorite": false}}, {"model": "prescription.prescription", "pk": 9, "fields": {"cid": 20, "health_professional": 2, "date": "2017-12-06T16:02:44.395Z", "is_favorite": true}}, {"model": "prescription.prescription", "pk": 10, "fields": {"cid": 28, "health_professional": 2, "date": "2017-12-04T16:04:49.796Z", "is_favorite": false}}, {"model": "prescription.nopatientprescription", "pk": 1, "fields": {"patient": "Jos\u00e9 Neto"}}, {"model": "prescription.nopatientprescription", "pk": 2, "fields": {"patient": "Michel Temer"}}, {"model": "prescription.nopatientprescription", "pk": 4, "fields": {"patient": "Roberto Silva"}}, {"model": "prescription.nopatientprescription", "pk": 7, "fields": {"patient": "Ronaldo"}}, {"model": "prescription.nopatientprescription", "pk": 8, "fields": {"patient": "Maria Rocha"}}, {"model": "prescription.nopatientprescription", "pk": 9, "fields": {"patient": "Mariana Neta"}}, {"model": "prescription.nopatientprescription", "pk": 10, "fields": {"patient": "Jo\u00e3o Paulo"}}, {"model": "prescription.patientprescription", "pk": 3, "fields": {"patient": 3}}, {"model": "prescription.patientprescription", "pk": 5, "fields": {"patient": 3}}, {"model": "prescription.patientprescription", "pk": 6, "fields": {"patient": 3}}, {"model": "prescription.pattern", "pk": 1, "fields": {"name": "Clinimeta - Padr\u00e3o", "user_creator": 2, "font": "Times-Roman", "font_size": "12", "pagesize": "A4", "clinic": "Clinimeta", "header": "SGAN 608 M\u00f3dulo F Bloco II Centro Integrado de Sa\u00fade Life - Sala 30 - TEL (61)98186-0205", "footer": "Pediatria-Medicina Esportiva -Medicinado Adolescente - Ortopedia Pedi\u00e1trica", "logo": "logos/files/d5a1dfb88b2751ced83fc2b982a7a8bd78cab18abd0c2ba3251f99a0472c1f5d/3c3d733d8fe_L2RV0PP.png", "date": "2017-12-05"}}, {"model": "prescription.pattern", "pk": 2, "fields": {"name": "Hospital do Gama", "user_creator": 2, "font": "Helvetica", "font_size": "10", "pagesize": "A4", "clinic": "Hospital Regional do Gama", "header": "Hospital Regional do Gama -  \u00c1rea Especial N\u00ba 01 Setor Central - Gama. CEP:72-405-901", "footer": "Volte Sempre ao Hospital do Gama", "logo": "logos/files/8fdaa555355d95feb558cd6a38e53bfa594a464b1d3b34771856168f85c54d4e/9f9ceab56f6_8oZJsJz.png", "date": "2017-12-05"}}, {"model": "chat.response", "pk": 1, "fields": {"user_from": 2, "user_to": 3, "text": "Ol\u00e1 Jo\u00e3o, tudo bem?\r\n\r\nVoc\u00ea consguiu realizar os exames solicitados na \u00faltima consulta?", "files": "", "file_name": "", "date": "2017-12-06", "as_read": true}}, {"model": "chat.response", "pk": 2, "fields": {"user_from": 3, "user_to": 2, "text": "Oi Dr Get\u00falio\r\n\r\nJ\u00e1 fiz sim os exames, mas estou aguardando os resultados. Quando pegar os resultados entro em contato.", "files": "", "file_name": "", "date": "2017-12-06", "as_read": false}}, {"model": "chat.message", "pk": 1, "fields": {"user_from": 2, "user_to": 3, "subject": "Exames realizados", "date": "2017-12-06", "is_active_patient": true, "is_active_health_professional": true, "messages": [1, 2]}}, {"model": "medicine.manipulatedmedicine", "pk": 1, "fields": {"recipe_name": "NOVALGINA COMPOSTA", "physical_form": "PARACETAMOL", "quantity": 3.0, "measurement": "ML", "composition": "3 MG + 50 MG + 3 MG + 3 MG PAS CT STR X 12", "health_professional": 2}}, {"model": "medicine.manipulatedmedicine", "pk": 2, "fields": {"recipe_name": "PARACETAMOL COMPOSTO", "physical_form": "PARACETAMOL + DIPIRONA", "quantity": 1.0, "measurement": "ML", "composition": "10 MG + 50 MG", "health_professional": 2}}, {"model": "medicine.manipulatedmedicine", "pk": 3, "fields": {"recipe_name": "AZITROMICINA", "physical_form": "AMOXILINA + AZITROL", "quantity": 6.0, "measurement": "GR", "composition": "30 GR + 50 GR", "health_professional": 2}}, {"model": "medicine.customactiveprinciple", "pk": 1, "fields": {"name": "Princioio Ativo 01", "created_by": 2}}, {"model": "medicine.customactiveprinciple", "pk": 2, "fields": {"name": "Princioio Ativo 02", "created_by": 2}}, {"model": "medicine.customactiveprinciple", "pk": 3, "fields": {"name": "Princioio Ativo 03", "created_by": 2}}, {"model": "medicine.customactiveprinciple", "pk": 4, "fields": {"name": "Princioio Ativo 04", "created_by": 2}}, {"model": "medicine.customactiveprinciple", "pk": 5, "fields": {"name": "Princioio Ativo 05", "created_by": 2}}, {"model": "admin.logentry", "pk": 1, "fields": {"action_time": "2017-11-02T17:35:07.171Z", "user": 1, "content_type": 17, "object_id": "1", "object_repr": "DefaultExam object", "action_flag": 1, "change_message": "[{\"added\": {}}]"}}, {"model": "admin.logentry", "pk": 2, "fields": {"action_time": "2017-11-02T17:36:59.209Z", "user": 1, "content_type": 17, "object_id": "2", "object_repr": "DefaultExam object", "action_flag": 1, "change_message": "[{\"added\": {}}]"}}, {"model": "admin.logentry", "pk": 3, "fields": {"action_time": "2017-11-02T17:37:35.373Z", "user": 1, "content_type": 17, "object_id": "3", "object_repr": "DefaultExam object", "action_flag": 1, "change_message": "[{\"added\": {}}]"}}, {"model": "admin.logentry", "pk": 4, "fields": {"action_time": "2017-11-02T17:38:10.146Z", "user": 1, "content_type": 17, "object_id": "4", "object_repr": "DefaultExam object", "action_flag": 1, "change_message": "[{\"added\": {}}]"}}, {"model": "admin.logentry", "pk": 5, "fields": {"action_time": "2017-11-02T17:38:32.120Z", "user": 1, "content_type": 17, "object_id": "5", "object_repr": "DefaultExam object", "action_flag": 1, "change_message": "[{\"added\": {}}]"}}, {"model": "admin.logentry", "pk": 6, "fields": {"action_time": "2017-11-02T17:38:52.042Z", "user": 1, "content_type": 17, "object_id": "6", "object_repr": "DefaultExam object", "action_flag": 1, "change_message": "[{\"added\": {}}]"}}, {"model": "admin.logentry", "pk": 7, "fields": {"action_time": "2017-11-02T17:39:21.079Z", "user": 1, "content_type": 17, "object_id": "7", "object_repr": "DefaultExam object", "action_flag": 1, "change_message": "[{\"added\": {}}]"}}, {"model": "admin.logentry", "pk": 8, "fields": {"action_time": "2017-11-02T17:39:39.978Z", "user": 1, "content_type": 17, "object_id": "8", "object_repr": "DefaultExam object", "action_flag": 1, "change_message": "[{\"added\": {}}]"}}, {"model": "admin.logentry", "pk": 9, "fields": {"action_time": "2017-11-02T17:39:53.956Z", "user": 1, "content_type": 17, "object_id": "9", "object_repr": "DefaultExam object", "action_flag": 1, "change_message": "[{\"added\": {}}]"}}, {"model": "admin.logentry", "pk": 10, "fields": {"action_time": "2017-11-02T17:40:11.489Z", "user": 1, "content_type": 17, "object_id": "10", "object_repr": "DefaultExam object", "action_flag": 1, "change_message": "[{\"added\": {}}]"}}, {"model": "admin.logentry", "pk": 11, "fields": {"action_time": "2017-11-02T17:43:37.372Z", "user": 1, "content_type": 10, "object_id": "2", "object_repr": "med@med.com", "action_flag": 2, "change_message": "[{\"changed\": {\"fields\": [\"is_active\"]}}]"}}, {"model": "admin.logentry", "pk": 12, "fields": {"action_time": "2017-11-02T17:45:33.419Z", "user": 1, "content_type": 16, "object_id": "11", "object_repr": "CustomExam object", "action_flag": 1, "change_message": "[{\"added\": {}}]"}}, {"model": "admin.logentry", "pk": 13, "fields": {"action_time": "2017-11-02T17:47:56.715Z", "user": 1, "content_type": 16, "object_id": "12", "object_repr": "CustomExam object", "action_flag": 1, "change_message": "[{\"added\": {}}]"}}, {"model": "admin.logentry", "pk": 14, "fields": {"action_time": "2017-11-02T17:48:32.854Z", "user": 1, "content_type": 16, "object_id": "13", "object_repr": "CustomExam object", "action_flag": 1, "change_message": "[{\"added\": {}}]"}}, {"model": "admin.logentry", "pk": 15, "fields": {"action_time": "2017-11-02T17:49:14.715Z", "user": 1, "content_type": 16, "object_id": "14", "object_repr": "CustomExam object", "action_flag": 1, "change_message": "[{\"added\": {}}]"}}, {"model": "admin.logentry", "pk": 16, "fields": {"action_time": "2017-11-02T17:50:20.269Z", "user": 1, "content_type": 16, "object_id": "15", "object_repr": "CustomExam object", "action_flag": 1, "change_message": "[{\"added\": {}}]"}}, {"model": "admin.logentry", "pk": 17, "fields": {"action_time": "2017-11-02T17:55:03.111Z", "user": 1, "content_type": 8, "object_id": "1", "object_repr": "Medicine object", "action_flag": 1, "change_message": "[{\"added\": {}}]"}}, {"model": "admin.logentry", "pk": 18, "fields": {"action_time": "2017-11-02T17:55:54.639Z", "user": 1, "content_type": 8, "object_id": "2", "object_repr": "Medicine object", "action_flag": 1, "change_message": "[{\"added\": {}}]"}}, {"model": "admin.logentry", "pk": 19, "fields": {"action_time": "2017-11-02T17:57:18.676Z", "user": 1, "content_type": 8, "object_id": "3", "object_repr": "Medicine object", "action_flag": 1, "change_message": "[{\"added\": {}}]"}}, {"model": "admin.logentry", "pk": 20, "fields": {"action_time": "2017-11-02T17:58:02.244Z", "user": 1, "content_type": 8, "object_id": "4", "object_repr": "Medicine object", "action_flag": 1, "change_message": "[{\"added\": {}}]"}}, {"model": "admin.logentry", "pk": 21, "fields": {"action_time": "2017-11-02T17:58:39.067Z", "user": 1, "content_type": 8, "object_id": "5", "object_repr": "Medicine object", "action_flag": 1, "change_message": "[{\"added\": {}}]"}}, {"model": "admin.logentry", "pk": 22, "fields": {"action_time": "2017-11-02T17:59:21.020Z", "user": 1, "content_type": 8, "object_id": "6", "object_repr": "Medicine object", "action_flag": 1, "change_message": "[{\"added\": {}}]"}}, {"model": "admin.logentry", "pk": 23, "fields": {"action_time": "2017-11-02T17:59:56.561Z", "user": 1, "content_type": 8, "object_id": "7", "object_repr": "Medicine object", "action_flag": 1, "change_message": "[{\"added\": {}}]"}}, {"model": "admin.logentry", "pk": 24, "fields": {"action_time": "2017-11-02T18:01:10.770Z", "user": 1, "content_type": 8, "object_id": "8", "object_repr": "Medicine object", "action_flag": 1, "change_message": "[{\"added\": {}}]"}}, {"model": "admin.logentry", "pk": 25, "fields": {"action_time": "2017-11-02T18:02:36.773Z", "user": 1, "content_type": 7, "object_id": "1", "object_repr": "ManipulatedMedicine object", "action_flag": 1, "change_message": "[{\"added\": {}}]"}}, {"model": "admin.logentry", "pk": 26, "fields": {"action_time": "2017-11-02T18:03:17.610Z", "user": 1, "content_type": 7, "object_id": "2", "object_repr": "ManipulatedMedicine object", "action_flag": 1, "change_message": "[{\"added\": {}}]"}}, {"model": "admin.logentry", "pk": 27, "fields": {"action_time": "2017-11-02T18:04:14.286Z", "user": 1, "content_type": 7, "object_id": "3", "object_repr": "ManipulatedMedicine object", "action_flag": 1, "change_message": "[{\"added\": {}}]"}}, {"model": "admin.logentry", "pk": 33, "fields": {"action_time": "2017-11-02T18:21:04.669Z", "user": 1, "content_type": 10, "object_id": "4", "object_repr": "jo@ao.com", "action_flag": 3, "change_message": ""}}, {"model": "admin.logentry", "pk": 34, "fields": {"action_time": "2017-11-02T18:21:10.457Z", "user": 1, "content_type": 10, "object_id": "3", "object_repr": "pac@pac.com", "action_flag": 2, "change_message": "[{\"changed\": {\"fields\": [\"is_active\"]}}]"}}, {"model": "admin.logentry", "pk": 35, "fields": {"action_time": "2017-12-06T16:08:11.613Z", "user": 1, "content_type": 10, "object_id": "4", "object_repr": "asd@asd.com", "action_flag": 3, "change_message": ""}}]